Type of Incident,Severity Level,Assigned Department,Priority,Media Attachments
Flood,Low,City Maintenance,Low,./data/images/flood_1.jpg
Flood,Medium,City Maintenance,Medium,./data/images/flood_2.jpg
Flood,High,Emergency Services,High,./data/images/flood_3.jpg
Flood,Low,City Maintenance,Low,./data/images/flood_4.jpg
Flood,Low,City Maintenance,Low,./data/images/flood_5.jpg
Flood,High,Emergency Services,High,./data/images/flood_6.jpg
Flood,Low,City Maintenance,Low,./data/images/flood_7.jpg
Flood,Medium,City Maintenance,Medium,./data/images/flood_8.jpg
Flood,Low,City Maintenance,Low,./data/images/flood_9.jpg
Flood,Low,City Maintenance,Low,./data/images/flood_10.jpg
Flood,Low,City Maintenance,Low,./data/images/flood_11.jpg
Flood,Low,City Maintenance,Low,./data/images/flood_12.jpg
Flood,Low,City Maintenance,Low,./data/images/flood_13.jpg
Flood,Low,City Maintenance,Low,./data/images/flood_14.jpg
Flood,High,Emergency Services,High,./data/images/flood_15.jpg
Flood,Low,City Maintenance,Low,./data/images/flood_16.jpg
Flood,Low,City Maintenance,Low,./data/images/flood_17.jpg
Flood,Low,City Maintenance,Low,./data/images/flood_18.jpg
Flood,Medium,City Maintenance,Medium,./data/images/flood_19.jpg
Flood,Critical,Emergency Services,Critical,./data/images/flood_20.jpg
Flood,Medium,City Maintenance,Medium,./data/images/flood_21.jpg
Flood,Medium,City Maintenance,Medium,./data/images/flood_22.jpg
Flood,Medium,City Maintenance,Medium,./data/images/flood_23.jpg
Flood,High,Emergency Services,High,./data/images/flood_24.jpg
Flood,Medium,City Maintenance,Medium,./data/images/flood_25.jpg
Flood,Critical,Emergency Services,Critical,./data/images/flood_26.jpg
Flood,Critical,Emergency Services,Critical,./data/images/flood_27.jpg
Flood,Medium,City Maintenance,Medium,./data/images/flood_28.jpg
Flood,Medium,City Maintenance,Medium,./data/images/flood_29.jpg
Flood,Medium,City Maintenance,Medium,./data/images/flood_30.jpg
Flood,Low,City Maintenance,Low,./data/images/flood_31.jpg
Flood,Low,City Maintenance,Low,./data/images/flood_32.jpg
Flood,Critical,Emergency Services,Critical,./data/images/flood_33.jpg
Flood,Critical,Emergency Services,Critical,./data/images/flood_34.jpg
Flood,High,Emergency Services,High,./data/images/flood_35.jpg
Flood,Medium,City Maintenance,Medium,./data/images/flood_36.jpg
Flood,Low,City Maintenance,Low,./data/images/flood_37.jpg
Flood,Low,City Maintenance,Low,./data/images/flood_38.jpg
Flood,Medium,City Maintenance,Medium,./data/images/flood_39.jpg
Flood,Low,City Maintenance,Low,./data/images/flood_40.jpg
Flood,Medium,City Maintenance,Medium,./data/images/flood_41.jpg
Flood,Low,City Maintenance,Low,./data/images/flood_42.jpg
Flood,Low,City Maintenance,Low,./data/images/flood_43.jpg
Flood,Medium,City Maintenance,Medium,./data/images/flood_44.jpg
Flood,Medium,City Maintenance,Medium,./data/images/flood_45.jpg
Flood,Low,City Maintenance,Low,./data/images/flood_46.jpg
Flood,Medium,City Maintenance,Medium,./data/images/flood_47.jpg
Flood,Low,City Maintenance,Low,./data/images/flood_48.jpg
Flood,Low,City Maintenance,Low,./data/images/flood_49.jpg
Flood,Low,City Maintenance,Low,./data/images/flood_50.jpg
Flood,High,Emergency Services,High,./data/images/flood_51.jpg
Flood,Critical,Emergency Services,Critical,./data/images/flood_52.jpg
Flood,Low,City Maintenance,Low,./data/images/flood_53.jpg
Flood,Critical,Emergency Services,Critical,./data/images/flood_54.jpg
Flood,Medium,City Maintenance,Medium,./data/images/flood_55.jpg
Flood,Medium,City Maintenance,Medium,./data/images/flood_56.jpg
Flood,Low,City Maintenance,Low,./data/images/flood_57.jpg
Flood,Critical,Emergency Services,Critical,./data/images/flood_58.jpg
Flood,Critical,Emergency Services,Critical,./data/images/flood_59.jpg
Flood,High,Emergency Services,High,./data/images/flood_60.jpg
Flood,High,Emergency Services,High,./data/images/flood_61.jpg
Flood,Critical,Emergency Services,Critical,./data/images/flood_62.jpg
Flood,Medium,City Maintenance,Medium,./data/images/flood_63.jpg
Flood,Medium,City Maintenance,Medium,./data/images/flood_64.jpg
Flood,Medium,City Maintenance,Medium,./data/images/flood_65.jpg
Flood,Critical,Emergency Services,Critical,./data/images/flood_66.jpg
Flood,High,Emergency Services,High,./data/images/flood_67.jpg
Flood,Low,City Maintenance,Low,./data/images/flood_68.jpg
Flood,Low,City Maintenance,Low,./data/images/flood_69.jpg
Flood,Medium,City Maintenance,Medium,./data/images/flood_70.jpg
Flood,Low,City Maintenance,Low,./data/images/flood_71.jpg
Flood,Medium,City Maintenance,Medium,./data/images/flood_72.jpg
Flood,High,Emergency Services,High,./data/images/flood_73.jpg
Flood,Low,City Maintenance,Low,./data/images/flood_74.jpg
Flood,Low,City Maintenance,Low,./data/images/flood_75.jpg
Flood,Low,City Maintenance,Low,./data/images/flood_76.jpg
Flood,Medium,City Maintenance,Medium,./data/images/flood_77.jpg
Flood,Medium,City Maintenance,Medium,./data/images/flood_78.jpg
Flood,Critical,Emergency Services,Critical,./data/images/flood_79.jpg
Flood,Low,City Maintenance,Low,./data/images/flood_80.jpg
Flood,Critical,Emergency Services,Critical,./data/images/flood_81.jpg
Flood,Medium,City Maintenance,Medium,./data/images/flood_82.jpg
Flood,Critical,Emergency Services,Critical,./data/images/flood_83.jpg
Flood,Critical,Emergency Services,Critical,./data/images/flood_84.jpg
Flood,Low,City Maintenance,Low,./data/images/flood_85.jpg
Flood,Low,City Maintenance,Low,./data/images/flood_86.jpg
Flood,Critical,Emergency Services,Critical,./data/images/flood_87.jpg
Flood,Low,City Maintenance,Low,./data/images/flood_88.jpg
Flood,Low,City Maintenance,Low,./data/images/flood_89.jpg
Flood,Critical,Emergency Services,Critical,./data/images/flood_90.jpg
Flood,Low,City Maintenance,Low,./data/images/flood_91.jpg
Flood,High,Emergency Services,High,./data/images/flood_92.jpg
Flood,Medium,City Maintenance,Medium,./data/images/flood_93.jpg
Flood,Low,City Maintenance,Low,./data/images/flood_94.jpg
Flood,Medium,City Maintenance,Medium,./data/images/flood_95.jpg
Flood,Critical,Emergency Services,Critical,./data/images/flood_96.jpg
Flood,Critical,Emergency Services,Critical,./data/images/flood_97.jpg
Flood,High,Emergency Services,High,./data/images/flood_98.jpg
Flood,Low,City Maintenance,Low,./data/images/flood_99.jpg
Flood,Low,City Maintenance,Low,./data/images/flood_100.jpg
Theft,Low,Police,Low,./data/images/theft_1.jpg
Theft,Low,Police,Low,./data/images/theft_2.jpg
Theft,Low,Police,Low,./data/images/theft_3.jpg
Theft,Low,Police,Low,./data/images/theft_4.jpg
Theft,Medium,Police,Medium,./data/images/theft_5.jpg
Theft,Low,Police,Low,./data/images/theft_6.jpg
Theft,Low,Police,Low,./data/images/theft_7.jpg
Theft,Low,Police,Low,./data/images/theft_8.jpg
Theft,Low,Police,Low,./data/images/theft_9.jpg
Theft,Low,Police,Low,./data/images/theft_10.jpg
Theft,Low,Police,Low,./data/images/theft_11.jpg
Theft,Low,Police,Low,./data/images/theft_12.jpg
Theft,Low,Police,Low,./data/images/theft_13.jpg
Theft,Low,Police,Low,./data/images/theft_14.jpg
Theft,Low,Police,Low,./data/images/theft_15.jpg
Theft,Low,Police,Low,./data/images/theft_16.jpg
Theft,Low,Police,Low,./data/images/theft_17.jpg
Theft,Medium,Police,Medium,./data/images/theft_18.jpg
Theft,Low,Police,Low,./data/images/theft_19.jpg
Theft,Low,Police,Low,./data/images/theft_20.jpg
Theft,Medium,Police,Medium,./data/images/theft_21.jpg
Theft,Low,Police,Low,./data/images/theft_22.jpg
Theft,Low,Police,Low,./data/images/theft_23.jpg
Theft,Medium,Police,Medium,./data/images/theft_24.jpg
Theft,Medium,Police,Medium,./data/images/theft_25.jpg
Theft,Low,Police,Low,./data/images/theft_26.jpg
Theft,Low,Police,Low,./data/images/theft_27.jpg
Theft,Low,Police,Low,./data/images/theft_28.jpg
Theft,Low,Police,Low,./data/images/theft_29.jpg
Theft,Low,Police,Low,./data/images/theft_30.jpg
Theft,Low,Police,Low,./data/images/theft_31.jpg
Theft,Low,Police,Low,./data/images/theft_32.jpg
Theft,Medium,Police,Medium,./data/images/theft_33.jpg
Theft,Low,Police,Low,./data/images/theft_34.jpg
Theft,Low,Police,Low,./data/images/theft_35.jpg
Theft,Low,Police,Low,./data/images/theft_36.jpg
Theft,Low,Police,Low,./data/images/theft_37.jpg
Theft,Low,Police,Low,./data/images/theft_38.jpg
Theft,Medium,Police,Medium,./data/images/theft_39.jpg
Theft,Low,Police,Low,./data/images/theft_40.jpg
Theft,Low,Police,Low,./data/images/theft_41.jpg
Theft,Medium,Police,Medium,./data/images/theft_42.jpg
Theft,Medium,Police,Medium,./data/images/theft_43.jpg
Theft,Low,Police,Low,./data/images/theft_44.jpg
Theft,Low,Police,Low,./data/images/theft_45.jpg
Theft,Low,Police,Low,./data/images/theft_46.jpg
Theft,Low,Police,Low,./data/images/theft_47.jpg
Theft,Low,Police,Low,./data/images/theft_48.jpg
Theft,Low,Police,Low,./data/images/theft_49.jpg
Theft,Low,Police,Low,./data/images/theft_50.jpg
Theft,Medium,Police,Medium,./data/images/theft_51.jpg
Theft,Low,Police,Low,./data/images/theft_52.jpg
Theft,Low,Police,Low,./data/images/theft_53.jpg
Theft,Medium,Police,Medium,./data/images/theft_54.jpg
Theft,Low,Police,Low,./data/images/theft_55.jpg
Theft,Low,Police,Low,./data/images/theft_56.jpg
Theft,Medium,Police,Medium,./data/images/theft_57.jpg
Theft,Low,Police,Low,./data/images/theft_58.jpg
Theft,Medium,Police,Medium,./data/images/theft_59.jpg
Theft,Low,Police,Low,./data/images/theft_60.jpg
Theft,Medium,Police,Medium,./data/images/theft_61.jpg
Theft,Medium,Police,Medium,./data/images/theft_62.jpg
Theft,Low,Police,Low,./data/images/theft_63.jpg
Theft,Medium,Police,Medium,./data/images/theft_64.jpg
Theft,Medium,Police,Medium,./data/images/theft_65.jpg
Theft,Low,Police,Low,./data/images/theft_66.jpg
Theft,Medium,Police,Medium,./data/images/theft_67.jpg
Theft,Low,Police,Low,./data/images/theft_68.jpg
Theft,Medium,Police,Medium,./data/images/theft_69.jpg
Theft,Low,Police,Low,./data/images/theft_70.jpg
Theft,Low,Police,Low,./data/images/theft_71.jpg
Theft,Low,Police,Low,./data/images/theft_72.jpg
Theft,Medium,Police,Medium,./data/images/theft_73.jpg
Theft,Low,Police,Low,./data/images/theft_74.jpg
Theft,Low,Police,Low,./data/images/theft_75.jpg
Theft,Low,Police,Low,./data/images/theft_76.jpg
Theft,Low,Police,Low,./data/images/theft_77.jpg
Theft,Low,Police,Low,./data/images/theft_78.jpg
Theft,Low,Police,Low,./data/images/theft_79.jpg
Theft,Low,Police,Low,./data/images/theft_80.jpg
Theft,Low,Police,Low,./data/images/theft_81.jpg
Theft,Low,Police,Low,./data/images/theft_82.jpg
Theft,Low,Police,Low,./data/images/theft_83.jpg
Theft,Low,Police,Low,./data/images/theft_84.jpg
Theft,Low,Police,Low,./data/images/theft_85.jpg
Theft,Low,Police,Low,./data/images/theft_86.jpg
Theft,Low,Police,Low,./data/images/theft_87.jpg
Theft,Low,Police,Low,./data/images/theft_88.jpg
Theft,Low,Police,Low,./data/images/theft_89.jpg
Theft,Low,Police,Low,./data/images/theft_90.jpg
Theft,Low,Police,Low,./data/images/theft_91.jpg
Theft,Low,Police,Low,./data/images/theft_92.jpg
Theft,Low,Police,Low,./data/images/theft_93.jpg
Theft,Low,Police,Low,./data/images/theft_94.jpg
Theft,Medium,Police,Medium,./data/images/theft_95.jpg
Theft,Low,Police,Low,./data/images/theft_96.jpg
Theft,Medium,Police,Medium,./data/images/theft_97.jpg
Theft,Medium,Police,Medium,./data/images/theft_98.jpg
Theft,Low,Police,Low,./data/images/theft_99.jpg
Theft,Medium,Police,Medium,./data/images/theft_100.jpg
Accident,Medium,Police,High,./data/images/accident_1.jpg
Accident,Medium,Emergency Services,Medium,./data/images/accident_2.jpg
Accident,Critical,Police,Critical,./data/images/accident_3.jpg
Accident,Medium,Emergency Services,High,./data/images/accident_4.jpg
Accident,Medium,Emergency Services,Medium,./data/images/accident_5.jpg
Accident,Critical,Emergency Services,Critical,./data/images/accident_6.jpg
Accident,Medium,Emergency Services,Medium,./data/images/accident_7.jpg
Accident,Medium,Emergency Services,High,./data/images/accident_8.jpg
Accident,Medium,Emergency Services,Medium,./data/images/accident_9.jpg
Accident,Critical,Emergency Services,Critical,./data/images/accident_10.jpg
Accident,Medium,Emergency Services,Medium,./data/images/accident_11.jpg
Accident,Medium,Emergency Services,High,./data/images/accident_12.jpg
Accident,Medium,Emergency Services,Medium,./data/images/accident_13.jpg
Accident,Critical,Emergency Services,Critical,./data/images/accident_14.jpg
Accident,Medium,Emergency Services,Medium,./data/images/accident_15.jpg
Accident,Medium,Emergency Services,High,./data/images/accident_16.jpg
Accident,Medium,Emergency Services,Medium,./data/images/accident_17.jpg
Accident,Critical,Emergency Services,Critical,./data/images/accident_18.jpg
Accident,Medium,Emergency Services,Medium,./data/images/accident_19.jpg
Accident,Medium,Emergency Services,High,./data/images/accident_20.jpg
Accident,Medium,Emergency Services,Medium,./data/images/accident_21.jpg
Accident,Critical,Emergency Services,Critical,./data/images/accident_22.jpg
Accident,Medium,Emergency Services,Medium,./data/images/accident_23.jpg
Accident,Medium,Emergency Services,High,./data/images/accident_24.jpg
Accident,Medium,Emergency Services,Medium,./data/images/accident_25.jpg
Accident,Critical,Emergency Services,Critical,./data/images/accident_26.jpg
Accident,Medium,Emergency Services,Medium,./data/images/accident_27.jpg
Accident,Medium,Emergency Services,High,./data/images/accident_28.jpg
Accident,Medium,Emergency Services,Medium,./data/images/accident_29.jpg
Accident,Critical,Emergency Services,Critical,./data/images/accident_30.jpg
Accident,Medium,Emergency Services,Medium,./data/images/accident_31.jpg
Accident,Medium,Emergency Services,High,./data/images/accident_32.jpg
Accident,Medium,Emergency Services,Medium,./data/images/accident_33.jpg
Accident,Critical,Emergency Services,Critical,./data/images/accident_34.jpg
Accident,Medium,Emergency Services,Medium,./data/images/accident_35.jpg
Accident,Medium,Emergency Services,High,./data/images/accident_36.jpg
Accident,Medium,Emergency Services,Medium,./data/images/accident_37.jpg
Accident,Critical,Emergency Services,Critical,./data/images/accident_38.jpg
Accident,Medium,Emergency Services,Medium,./data/images/accident_39.jpg
Accident,Medium,Emergency Services,High,./data/images/accident_40.jpg
Accident,Medium,Emergency Services,Medium,./data/images/accident_41.jpg
Accident,Critical,Emergency Services,Critical,./data/images/accident_42.jpg
Accident,Medium,Emergency Services,Medium,./data/images/accident_43.jpg
Accident,Medium,Emergency Services,High,./data/images/accident_44.jpg
Accident,Medium,Emergency Services,Medium,./data/images/accident_45.jpg
Accident,Critical,Emergency Services,Critical,./data/images/accident_46.jpg
Accident,Medium,Emergency Services,Medium,./data/images/accident_47.jpg
Accident,Medium,Emergency Services,High,./data/images/accident_48.jpg
Accident,Medium,Emergency Services,Medium,./data/images/accident_49.jpg
Accident,Critical,Emergency Services,Critical,./data/images/accident_50.jpg
Accident,Medium,Emergency Services,Medium,./data/images/accident_51.jpg
Accident,Medium,Emergency Services,High,./data/images/accident_52.jpg
Accident,Medium,Emergency Services,Medium,./data/images/accident_53.jpg
Accident,Critical,Emergency Services,Critical,./data/images/accident_54.jpg
Accident,Medium,Emergency Services,Medium,./data/images/accident_55.jpg
Accident,Medium,Emergency Services,High,./data/images/accident_56.jpg
Accident,Medium,Emergency Services,Medium,./data/images/accident_57.jpg
Accident,Critical,Emergency Services,Critical,./data/images/accident_58.jpg
Accident,Medium,Emergency Services,Medium,./data/images/accident_59.jpg
Accident,Medium,Emergency Services,High,./data/images/accident_60.jpg
Accident,Medium,Emergency Services,Medium,./data/images/accident_61.jpg
Accident,Critical,Emergency Services,Critical,./data/images/accident_62.jpg
Accident,Medium,Emergency Services,Medium,./data/images/accident_63.jpg
Accident,Medium,Emergency Services,High,./data/images/accident_64.jpg
Accident,Medium,Emergency Services,Medium,./data/images/accident_65.jpg
Accident,Critical,Emergency Services,Critical,./data/images/accident_66.jpg
Accident,Medium,Emergency Services,Medium,./data/images/accident_67.jpg
Accident,Medium,Emergency Services,High,./data/images/accident_68.jpg
Accident,Medium,Emergency Services,Medium,./data/images/accident_69.jpg
Accident,Critical,Emergency Services,Critical,./data/images/accident_70.jpg
Accident,Medium,Emergency Services,Medium,./data/images/accident_71.jpg
Accident,Medium,Emergency Services,High,./data/images/accident_72.jpg
Accident,Medium,Emergency Services,Medium,./data/images/accident_73.jpg
Accident,Critical,Emergency Services,Critical,./data/images/accident_74.jpg
Accident,Medium,Emergency Services,Medium,./data/images/accident_75.jpg
Accident,Medium,Emergency Services,High,./data/images/accident_76.jpg
Accident,Medium,Emergency Services,Medium,./data/images/accident_77.jpg
Accident,Critical,Emergency Services,Critical,./data/images/accident_78.jpg
Accident,Medium,Emergency Services,Medium,./data/images/accident_79.jpg
Accident,Medium,Emergency Services,High,./data/images/accident_80.jpg
Accident,Critical,Police,Critical,./data/images/accident_81.jpg
Accident,Critical,Emergency Services,Critical,./data/images/accident_82.jpg
Accident,Critical,Emergency Services,Critical,./data/images/accident_83.jpg
Accident,Critical,Emergency Services,Critical,./data/images/accident_84.jpg
Accident,Critical,Emergency Services,Critical,./data/images/accident_85.jpg
Accident,Critical,Emergency Services,Critical,./data/images/accident_86.jpg
Accident,Critical,Emergency Services,Critical,./data/images/accident_87.jpg
Accident,Critical,Emergency Services,Critical,./data/images/accident_88.jpg
Accident,Critical,Emergency Services,Critical,./data/images/accident_89.jpg
Accident,Critical,Emergency Services,Critical,./data/images/accident_90.jpg
Accident,Critical,Emergency Services,Critical,./data/images/accident_91.jpg
Accident,Critical,Emergency Services,Critical,./data/images/accident_92.jpg
Accident,Critical,Emergency Services,Critical,./data/images/accident_93.jpg
Accident,Critical,Emergency Services,Critical,./data/images/accident_94.jpg
Accident,Critical,Emergency Services,Critical,./data/images/accident_95.jpg
Accident,Critical,Emergency Services,Critical,./data/images/accident_96.jpg
Accident,Critical,Emergency Services,Critical,./data/images/accident_97.jpg
Accident,Critical,Emergency Services,Critical,./data/images/accident_98.jpg
Accident,Critical,Emergency Services,Critical,./data/images/accident_99.jpg
Accident,Critical,Emergency Services,Critical,./data/images/accident_100.jpg
Fire,High,Fire Department,Critical,./data/images/fire_1.jpg
Fire,Medium,Fire Department,Medium,./data/images/fire_2.jpg
Fire,High,Fire Department,Critical,./data/images/fire_3.jpg
Fire,Medium,Fire Department,Medium,./data/images/fire_4.jpg
Fire,Medium,Fire Department,Medium,./data/images/fire_5.jpg
Fire,Medium,Fire Department,Medium,./data/images/fire_6.jpg
Fire,Medium,Fire Department,Medium,./data/images/fire_7.jpg
Fire,High,Fire Department,Critical,./data/images/fire_8.jpg
Fire,Medium,Fire Department,Medium,./data/images/fire_9.jpg
Fire,High,Fire Department,Critical,./data/images/fire_10.jpg
Fire,Medium,Fire Department,Medium,./data/images/fire_11.jpg
Fire,High,Fire Department,High,./data/images/fire_12.jpg
Fire,High,Fire Department,Critical,./data/images/fire_13.jpg
Fire,High,Fire Department,Critical,./data/images/fire_14.jpg
Fire,High,Fire Department,High,./data/images/fire_15.jpg
Fire,High,Fire Department,Critical,./data/images/fire_16.jpg
Fire,High,Fire Department,Critical,./data/images/fire_17.jpg
Fire,Medium,Fire Department,Medium,./data/images/fire_18.jpg
Fire,Medium,Fire Department,Medium,./data/images/fire_19.jpg
Fire,High,Fire Department,Critical,./data/images/fire_20.jpg
Fire,High,Fire Department,Critical,./data/images/fire_21.jpg
Fire,High,Fire Department,Critical,./data/images/fire_22.jpg
Fire,Medium,Fire Department,Medium,./data/images/fire_23.jpg
Fire,Medium,Fire Department,Medium,./data/images/fire_24.jpg
Fire,High,Fire Department,Critical,./data/images/fire_25.jpg
Fire,High,Fire Department,Critical,./data/images/fire_26.jpg
Fire,High,Fire Department,Critical,./data/images/fire_27.jpg
Fire,Medium,Fire Department,Medium,./data/images/fire_28.jpg
Fire,High,Fire Department,Critical,./data/images/fire_29.jpg
Fire,High,Fire Department,Critical,./data/images/fire_30.jpg
Fire,Medium,Fire Department,Medium,./data/images/fire_31.jpg
Fire,High,Fire Department,Critical,./data/images/fire_32.jpg
Fire,Medium,Fire Department,Medium,./data/images/fire_33.jpg
Fire,Medium,Fire Department,Medium,./data/images/fire_34.jpg
Fire,High,Fire Department,Critical,./data/images/fire_35.jpg
Fire,Medium,Fire Department,Medium,./data/images/fire_36.jpg
Fire,Medium,Fire Department,Medium,./data/images/fire_37.jpg
Fire,Medium,Fire Department,Medium,./data/images/fire_38.jpg
Fire,Medium,Fire Department,Medium,./data/images/fire_39.jpg
Fire,Medium,Fire Department,Medium,./data/images/fire_40.jpg
Fire,Medium,Fire Department,Medium,./data/images/fire_41.jpg
Fire,High,Fire Department,Critical,./data/images/fire_42.jpg
Fire,High,Fire Department,Critical,./data/images/fire_43.jpg
Fire,High,Fire Department,Critical,./data/images/fire_44.jpg
Fire,High,Fire Department,Critical,./data/images/fire_45.jpg
Fire,Medium,Fire Department,Medium,./data/images/fire_46.jpg
Fire,Medium,Fire Department,Medium,./data/images/fire_47.jpg
Fire,High,Fire Department,High,./data/images/fire_48.jpg
Fire,High,Fire Department,Critical,./data/images/fire_49.jpg
Fire,Medium,Fire Department,Medium,./data/images/fire_50.jpg
Fire,High,Fire Department,Critical,./data/images/fire_51.jpg
Fire,High,Fire Department,Critical,./data/images/fire_52.jpg
Fire,Medium,Fire Department,Medium,./data/images/fire_53.jpg
Fire,Medium,Fire Department,Medium,./data/images/fire_54.jpg
Fire,High,Fire Department,Critical,./data/images/fire_55.jpg
Fire,High,Fire Department,Critical,./data/images/fire_56.jpg
Fire,High,Fire Department,Critical,./data/images/fire_57.jpg
Fire,High,Fire Department,Critical,./data/images/fire_58.jpg
Fire,High,Fire Department,High,./data/images/fire_59.jpg
Fire,High,Fire Department,Critical,./data/images/fire_60.jpg
Fire,High,Fire Department,Critical,./data/images/fire_61.jpg
Fire,High,Fire Department,Critical,./data/images/fire_62.jpg
Fire,High,Fire Department,Critical,./data/images/fire_63.jpg
Fire,Medium,Fire Department,Medium,./data/images/fire_64.jpg
Fire,High,Fire Department,Critical,./data/images/fire_65.jpg
Fire,High,Fire Department,Critical,./data/images/fire_66.jpg
Fire,High,Fire Department,Critical,./data/images/fire_67.jpg
Fire,High,Fire Department,Critical,./data/images/fire_68.jpg
Fire,High,Fire Department,Critical,./data/images/fire_69.jpg
Fire,High,Fire Department,Critical,./data/images/fire_70.jpg
Fire,High,Fire Department,Critical,./data/images/fire_71.jpg
Fire,Medium,Fire Department,Medium,./data/images/fire_72.jpg
Fire,High,Fire Department,Critical,./data/images/fire_73.jpg
Fire,High,Fire Department,Critical,./data/images/fire_74.jpg
Fire,High,Fire Department,Critical,./data/images/fire_75.jpg
Fire,High,Fire Department,Critical,./data/images/fire_76.jpg
Fire,High,Fire Department,Critical,./data/images/fire_77.jpg
Fire,Medium,Fire Department,Medium,./data/images/fire_78.jpg
Fire,High,Fire Department,Critical,./data/images/fire_79.jpg
Fire,High,Fire Department,Critical,./data/images/fire_80.jpg
Fire,High,Fire Department,Critical,./data/images/fire_81.jpg
Fire,Medium,Fire Department,Medium,./data/images/fire_82.jpg
Fire,Medium,Fire Department,Medium,./data/images/fire_83.jpg
Fire,Medium,Fire Department,Medium,./data/images/fire_84.jpg
Fire,Medium,Fire Department,Medium,./data/images/fire_85.jpg
Fire,Medium,Fire Department,Medium,./data/images/fire_86.jpg
Fire,Medium,Fire Department,Medium,./data/images/fire_87.jpg
Fire,Medium,Fire Department,Medium,./data/images/fire_88.jpg
Fire,High,Fire Department,High,./data/images/fire_89.jpg
Fire,High,Fire Department,Critical,./data/images/fire_90.jpg
Fire,Medium,Fire Department,Medium,./data/images/fire_91.jpg
Fire,Medium,Fire Department,Medium,./data/images/fire_92.jpg
Fire,High,Fire Department,Critical,./data/images/fire_93.jpg
Fire,Medium,Fire Department,Medium,./data/images/fire_94.jpg
Fire,Medium,Fire Department,Medium,./data/images/fire_95.jpg
Fire,Medium,Fire Department,Medium,./data/images/fire_96.jpg
Fire,Medium,Fire Department,Medium,./data/images/fire_97.jpg
Fire,Medium,Fire Department,Medium,./data/images/fire_98.jpg
Fire,High,Fire Department,Critical,./data/images/fire_99.jpg
Fire,Medium,Fire Department,Medium,./data/images/fire_100.jpg
Earthquake,Critical,Emergency Services,Critical,./data/images/earthquake_1.jpg
Earthquake,Critical,Emergency Services,Low,./data/images/earthquake_2.jpg
Earthquake,Critical,Emergency Services,Low,./data/images/earthquake_3.jpg
Earthquake,Low,Emergency Services,Critical,./data/images/earthquake_4.jpg
Earthquake,High,Emergency Services,Low,./data/images/earthquake_5.jpg
Earthquake,Medium,Disaster Management,Medium,./data/images/earthquake_6.jpg
Earthquake,Critical,Disaster Management,High,./data/images/earthquake_7.jpg
Earthquake,Medium,Emergency Services,Medium,./data/images/earthquake_8.jpg
Earthquake,Critical,Disaster Management,Low,./data/images/earthquake_9.jpg
Earthquake,Low,Emergency Services,Medium,./data/images/earthquake_10.jpg
Earthquake,Low,Emergency Services,Critical,./data/images/earthquake_11.jpg
Earthquake,High,Emergency Services,Medium,./data/images/earthquake_12.jpg
Earthquake,High,Disaster Management,Critical,./data/images/earthquake_13.jpg
Earthquake,Critical,Emergency Services,High,./data/images/earthquake_14.jpg
Drink and Drive,Medium,Traffic Police,Low,./data/images/drink_drive_1.jpg
Drink and Drive,Medium,Traffic Police,High,./data/images/drink_drive_2.jpg
Drink and Drive,High,Traffic Police,High,./data/images/drink_drive_3.jpg
Drink and Drive,Low,Traffic Police,Medium,./data/images/drink_drive_4.jpg
Drink and Drive,Medium,Traffic Police,Medium,./data/images/drink_drive_5.jpg
Drink and Drive,High,Traffic Police,Low,./data/images/drink_drive_6.jpg
Drink and Drive,Low,Traffic Police,Low,./data/images/drink_drive_7.jpg
Drink and Drive,Medium,Traffic Police,Low,./data/images/drink_drive_8.jpg
Drink and Drive,High,Traffic Police,Medium,./data/images/drink_drive_9.jpg
Drink and Drive,Medium,Traffic Police,High,./data/images/drink_drive_10.jpg
Drink and Drive,Low,Traffic Police,High,./data/images/drink_drive_11.jpg
Drink and Drive,Low,Traffic Police,Medium,./data/images/drink_drive_12.jpg
Drink and Drive,Low,Traffic Police,Low,./data/images/drink_drive_13.jpg
Drink and Drive,Low,Traffic Police,Medium,./data/images/drink_drive_14.jpg
Drink and Drive,Medium,Traffic Police,Low,./data/images/drink_drive_15.jpg
